Saved Query,New Query
I really do not like this product,I really like this product
Where can I view my settings,I can't find the settings page
How much will this cost?,Is this expensive?
How do I change my password,change How I do password my
Blah blah blah blah,Can I get some help?
"Hello, is there anyone there?",Does this integrate with gmail?
Where is your data stored?,How secure is your product
What temperature is it today?,What time is the film in the cinema
Can I sign up for a free trial,Do I need a credit card to get started?
What is the Capital of Ireland?,What time is the game on?
